{"cameraMode":{"drawMode":0,"name":"Shaded","section":"Shading Mode"},"sceneLighting":false,"audioPlay":false,"sceneViewState":{"showFog":true,"showMaterialUpdate":false,"showSkybox":false,"showFlares":true,"showImageEffects":true,"showParticleSystems":true},"in2DMode":false,"pivot":{"x":44.65489196777344,"y":18.659093856811525,"z":0.24599838256835938},"rotation":{"x":0.02999028004705906,"y":0.7753692269325256,"z":0.03705831989645958,"w":-0.6298359036445618},"size":233.34524536132813,"orthographic":false}