{"cameraMode":{"drawMode":0,"name":"Shaded","section":"Shading Mode"},"sceneLighting":true,"audioPlay":false,"sceneViewState":{"showFog":true,"showMaterialUpdate":false,"showSkybox":true,"showFlares":true,"showImageEffects":true,"showParticleSystems":true},"in2DMode":false,"pivot":{"x":-15.985457420349121,"y":5.534780025482178,"z":-3.8978025913238527},"rotation":{"x":0.004449125844985247,"y":-0.9053196907043457,"z":-0.009511477313935757,"w":-0.42465952038764956},"size":5.172271728515625,"orthographic":false}